adult,asin,link,mediumimage,price,productname,small,count1,gilded1,product,subreddit,sum_score
,006097625x,http://www.amazon.com/Understanding-Comics-The-Invisible-Art/dp/006097625X%3FSubscriptionId%3DAKIAILOJ2MMXGMT5EG6A%26tag%3Dmotivblog07-20%26linkCode%3Dxm2%26camp%3D2025%26creative%3D165953%26creativeASIN%3D006097625X,http://ecx.images-amazon.com/images/I/61KgveZjO7L._SL160_.jpg,895,Understanding Comics: The Invisible Art,http://ecx.images-amazon.com/images/I/61KgveZjO7L._SL75_.jpg,4,0,006097625x,comicbooks,10
,006097771x,http://www.amazon.com/Blind-Mans-Bluff-Submarine-Espionage/dp/006097771X%3FSubscriptionId%3DAKIAILOJ2MMXGMT5EG6A%26tag%3Dmotivblog07-20%26linkCode%3Dxm2%26camp%3D2025%26creative%3D165953%26creativeASIN%3D006097771X,http://ecx.images-amazon.com/images/I/51oYzfqtfOL._SL160_.jpg,469,Blind Man's Bluff: The Untold Story of American Submarine Espionage,http://ecx.images-amazon.com/images/I/51oYzfqtfOL._SL75_.jpg,4,0,006097771x,WarshipPorn,71
,006196395x,http://www.amazon.com/Mindful-Birthing-Training-Childbirth-Beyond/dp/006196395X%3FSubscriptionId%3DAKIAILOJ2MMXGMT5EG6A%26tag%3Dmotivblog07-20%26linkCode%3Dxm2%26camp%3D2025%26creative%3D165953%26creativeASIN%3D006196395X,http://ecx.images-amazon.com/images/I/41R0SOYKPRL._SL160_.jpg,1099,"Mindful Birthing: Training the Mind, Body, and Heart for Childbirth and Beyond",http://ecx.images-amazon.com/images/I/41R0SOYKPRL._SL75_.jpg,6,0,006196395x,BabyBumps,14
,007179512x,http://www.amazon.com/CompTIA-Certification-Edition-220-801-220-802/dp/007179512X%3FSubscriptionId%3DAKIAILOJ2MMXGMT5EG6A%26tag%3Dmotivblog07-20%26linkCode%3Dxm2%26camp%3D2025%26creative%3D165953%26creativeASIN%3D007179512X,http://ecx.images-amazon.com/images/I/51GO%2BsxPFrL._SL160_.jpg,3153,"CompTIA A+ Certification All-in-One Exam Guide, 8th Edition (Exams 220-801 & 220-802)",http://ecx.images-amazon.com/images/I/51GO%2BsxPFrL._SL75_.jpg,5,0,007179512x,CompTIA,10
,012383872x,http://www.amazon.com/Computer-Architecture-Fifth-Edition-Quantitative/dp/012383872X%3FSubscriptionId%3DAKIAILOJ2MMXGMT5EG6A%26tag%3Dmotivblog07-20%26linkCode%3Dxm2%26camp%3D2025%26creative%3D165953%26creativeASIN%3D012383872X,http://ecx.images-amazon.com/images/I/51u3S-FJ2QL._SL160_.jpg,3955,"Computer Architecture, Fifth Edition: A Quantitative Approach (The Morgan Kaufmann Series in Computer Architecture and Design)",http://ecx.images-amazon.com/images/I/51u3S-FJ2QL._SL75_.jpg,4,0,012383872x,hardware,22
,015101423x,http://www.amazon.com/Stuff-Compulsive-Hoarding-Meaning-Things/dp/015101423X%3FSubscriptionId%3DAKIAILOJ2MMXGMT5EG6A%26tag%3Dmotivblog07-20%26linkCode%3Dxm2%26camp%3D2025%26creative%3D165953%26creativeASIN%3D015101423X,http://ecx.images-amazon.com/images/I/51FKIZyH3qL._SL160_.jpg,1200,Stuff: Compulsive Hoarding and the Meaning of Things,http://ecx.images-amazon.com/images/I/51FKIZyH3qL._SL75_.jpg,6,0,015101423x,hoarding,20
,019512474x,http://www.amazon.com/Jesus-Apocalyptic-Prophet-New-Millennium/dp/019512474X%3FSubscriptionId%3DAKIAILOJ2MMXGMT5EG6A%26tag%3Dmotivblog07-20%26linkCode%3Dxm2%26camp%3D2025%26creative%3D165953%26creativeASIN%3D019512474X,http://ecx.images-amazon.com/images/I/61hN%2BMLT9kL._SL160_.jpg,1123,Jesus: Apocalyptic Prophet of the New Millennium,http://ecx.images-amazon.com/images/I/61hN%2BMLT9kL._SL75_.jpg,6,0,019512474x,AskHistorians,208
,019537410x,http://www.amazon.com/There-Anything-Good-About-Men/dp/019537410X%3FSubscriptionId%3DAKIAILOJ2MMXGMT5EG6A%26tag%3Dmotivblog07-20%26linkCode%3Dxm2%26camp%3D2025%26creative%3D165953%26creativeASIN%3D019537410X,http://ecx.images-amazon.com/images/I/51uJWnfYPhL._SL160_.jpg,1654,Is There Anything Good About Men?: How Cultures Flourish by Exploiting Men,http://ecx.images-amazon.com/images/I/51uJWnfYPhL._SL75_.jpg,5,0,019537410x,MensRights,13
,020161622x,http://www.amazon.com/The-Pragmatic-Programmer-Journeyman-Master/dp/020161622X%3FSubscriptionId%3DAKIAILOJ2MMXGMT5EG6A%26tag%3Dmotivblog07-20%26linkCode%3Dxm2%26camp%3D2025%26creative%3D165953%26creativeASIN%3D020161622X,http://ecx.images-amazon.com/images/I/41BKx1AxQWL._SL160_.jpg,2629,The Pragmatic Programmer: From Journeyman to Master,http://ecx.images-amazon.com/images/I/41BKx1AxQWL._SL75_.jpg,4,0,020161622x,gamedev,5
,020161622x,http://www.amazon.com/The-Pragmatic-Programmer-Journeyman-Master/dp/020161622X%3FSubscriptionId%3DAKIAILOJ2MMXGMT5EG6A%26tag%3Dmotivblog07-20%26linkCode%3Dxm2%26camp%3D2025%26creative%3D165953%26creativeASIN%3D020161622X,http://ecx.images-amazon.com/images/I/41BKx1AxQWL._SL160_.jpg,2629,The Pragmatic Programmer: From Journeyman to Master,http://ecx.images-amazon.com/images/I/41BKx1AxQWL._SL75_.jpg,8,0,020161622x,learnprogramming,30
,020170353x,http://www.amazon.com/Accelerated-C-Practical-Programming-Example/dp/020170353X%3FSubscriptionId%3DAKIAILOJ2MMXGMT5EG6A%26tag%3Dmotivblog07-20%26linkCode%3Dxm2%26camp%3D2025%26creative%3D165953%26creativeASIN%3D020170353X,http://ecx.images-amazon.com/images/I/51UQ1QUaRdL._SL160_.jpg,2634,Accelerated C++: Practical Programming by Example,http://ecx.images-amazon.com/images/I/51UQ1QUaRdL._SL75_.jpg,14,0,020170353x,learnprogramming,164
,026201713x,http://www.amazon.com/Characteristics-Games-George-Skaff-Elias/dp/026201713X%3FSubscriptionId%3DAKIAILOJ2MMXGMT5EG6A%26tag%3Dmotivblog07-20%26linkCode%3Dxm2%26camp%3D2025%26creative%3D165953%26creativeASIN%3D026201713X,http://ecx.images-amazon.com/images/I/51GYCG2OIcL._SL160_.jpg,2110,Characteristics of Games,http://ecx.images-amazon.com/images/I/51GYCG2OIcL._SL75_.jpg,4,0,026201713x,boardgames,16
,030727862x,http://www.amazon.com/The-Baseball-Codes-Beanballs-Bench-Clearing/dp/030727862X%3FSubscriptionId%3DAKIAILOJ2MMXGMT5EG6A%26tag%3Dmotivblog07-20%26linkCode%3Dxm2%26camp%3D2025%26creative%3D165953%26creativeASIN%3D030727862X,http://ecx.images-amazon.com/images/I/51BOb3%2B3hNL._SL160_.jpg,763,"The Baseball Codes: Beanballs, Sign Stealing, and Bench-Clearing Brawls: The Unwritten Rules of America's Pastime",http://ecx.images-amazon.com/images/I/51BOb3%2B3hNL._SL75_.jpg,5,0,030727862x,baseball,21
,031612091x,http://www.amazon.com/Eat-Live-Amazing-Nutrient-Rich-Sustained/dp/031612091X%3FSubscriptionId%3DAKIAILOJ2MMXGMT5EG6A%26tag%3Dmotivblog07-20%26linkCode%3Dxm2%26camp%3D2025%26creative%3D165953%26creativeASIN%3D031612091X,http://ecx.images-amazon.com/images/I/51SJyJhDivL._SL160_.jpg,589,"Eat to Live: The Amazing Nutrient-Rich Program for Fast and Sustained Weight Loss, Revised Edition",http://ecx.images-amazon.com/images/I/51SJyJhDivL._SL75_.jpg,5,0,031612091x,vegan,12
,032157351x,http://www.amazon.com/Algorithms-4th-Edition-Robert-Sedgewick/dp/032157351X%3FSubscriptionId%3DAKIAILOJ2MMXGMT5EG6A%26tag%3Dmotivblog07-20%26linkCode%3Dxm2%26camp%3D2025%26creative%3D165953%26creativeASIN%3D032157351X,http://ecx.images-amazon.com/images/I/51UDgHU9z9L._SL160_.jpg,5797,Algorithms (4th Edition),http://ecx.images-amazon.com/images/I/51UDgHU9z9L._SL75_.jpg,9,0,032157351x,learnprogramming,11
,032194318x,http://www.amazon.com/The-Practice-Cloud-System-Administration/dp/032194318X%3FSubscriptionId%3DAKIAILOJ2MMXGMT5EG6A%26tag%3Dmotivblog07-20%26linkCode%3Dxm2%26camp%3D2025%26creative%3D165953%26creativeASIN%3D032194318X,http://ecx.images-amazon.com/images/I/51peOFe38XL._SL160_.jpg,3355,"The Practice of Cloud System Administration: Designing and Operating Large Distributed Systems, Volume 2",http://ecx.images-amazon.com/images/I/51peOFe38XL._SL75_.jpg,5,0,032194318x,sysadmin,13
,034537410x,http://www.amazon.com/Exploring-World-Dreaming-Stephen-LaBerge/dp/034537410X%3FSubscriptionId%3DAKIAILOJ2MMXGMT5EG6A%26tag%3Dmotivblog07-20%26linkCode%3Dxm2%26camp%3D2025%26creative%3D165953%26creativeASIN%3D034537410X,http://ecx.images-amazon.com/images/I/510aKu0sPTL._SL160_.jpg,352,Exploring the World of Lucid Dreaming,http://ecx.images-amazon.com/images/I/510aKu0sPTL._SL75_.jpg,12,0,034537410x,LucidDreaming,34
,034544678x,http://www.amazon.com/The-Other-End-Leash-Around/dp/034544678X%3FSubscriptionId%3DAKIAILOJ2MMXGMT5EG6A%26tag%3Dmotivblog07-20%26linkCode%3Dxm2%26camp%3D2025%26creative%3D165953%26creativeASIN%3D034544678X,http://ecx.images-amazon.com/images/I/51omZ7rpruL._SL160_.jpg,448,The Other End of the Leash: Why We Do What We Do Around Dogs,http://ecx.images-amazon.com/images/I/51omZ7rpruL._SL75_.jpg,4,0,034544678x,dogs,15
,034551162x,http://www.amazon.com/Aftermath-Star-Journey-Force-Awakens/dp/034551162X%3FSubscriptionId%3DAKIAILOJ2MMXGMT5EG6A%26tag%3Dmotivblog07-20%26linkCode%3Dxm2%26camp%3D2025%26creative%3D165953%26creativeASIN%3D034551162X,http://ecx.images-amazon.com/images/I/51EAv3L9PGL._SL160_.jpg,1254,Aftermath: Star Wars: Journey to Star Wars: The Force Awakens,http://ecx.images-amazon.com/images/I/51EAv3L9PGL._SL75_.jpg,14,0,034551162x,StarWars,33
,039916524x,http://www.amazon.com/Mind-Numbers-Science-Flunked-Algebra/dp/039916524X%3FSubscriptionId%3DAKIAILOJ2MMXGMT5EG6A%26tag%3Dmotivblog07-20%26linkCode%3Dxm2%26camp%3D2025%26creative%3D165953%26creativeASIN%3D039916524X,http://ecx.images-amazon.com/images/I/51i6Goh83yL._SL160_.jpg,842,A Mind for Numbers: How to Excel at Math and Science (Even If You Flunked Algebra),http://ecx.images-amazon.com/images/I/51i6Goh83yL._SL75_.jpg,4,1,039916524x,LifeProTips,166
,052171916x,http://www.amazon.com/Conceptual-Mathematics-First-Introduction-Categories/dp/052171916X%3FSubscriptionId%3DAKIAILOJ2MMXGMT5EG6A%26tag%3Dmotivblog07-20%26linkCode%3Dxm2%26camp%3D2025%26creative%3D165953%26creativeASIN%3D052171916X,http://ecx.images-amazon.com/images/I/41bGNcpncPL._SL160_.jpg,4855,Conceptual Mathematics: A First Introduction to Categories,http://ecx.images-amazon.com/images/I/41bGNcpncPL._SL75_.jpg,5,0,052171916x,math,8
,055358894x,http://www.amazon.com/Lies-Locke-Lamora-Gentleman-Bastards/dp/055358894X%3FSubscriptionId%3DAKIAILOJ2MMXGMT5EG6A%26tag%3Dmotivblog07-20%26linkCode%3Dxm2%26camp%3D2025%26creative%3D165953%26creativeASIN%3D055358894X,http://ecx.images-amazon.com/images/I/51tpIK8K%2BtL._SL160_.jpg,226,The Lies of Locke Lamora (Gentleman Bastards),http://ecx.images-amazon.com/images/I/51tpIK8K%2BtL._SL75_.jpg,4,0,055358894x,suggestmeabook,8
,061585382x,http://www.amazon.com/The-Masons-Words-Evolution-American/dp/061585382X%3FSubscriptionId%3DAKIAILOJ2MMXGMT5EG6A%26tag%3Dmotivblog07-20%26linkCode%3Dxm2%26camp%3D2025%26creative%3D165953%26creativeASIN%3D061585382X,http://ecx.images-amazon.com/images/I/51E352oMXQL._SL160_.jpg,1595,The Mason's Words: The History and Evolution of the American Masonic Ritual,http://ecx.images-amazon.com/images/I/51E352oMXQL._SL75_.jpg,5,0,061585382x,freemasonry,15
,063404771x,http://www.amazon.com/Leonard-Pocket-Music-Theory-Comprehensive/dp/063404771X%3FSubscriptionId%3DAKIAILOJ2MMXGMT5EG6A%26tag%3Dmotivblog07-20%26linkCode%3Dxm2%26camp%3D2025%26creative%3D165953%26creativeASIN%3D063404771X,http://ecx.images-amazon.com/images/I/51auqFIKTwL._SL160_.jpg,357,Hal Leonard Pocket Music Theory: A Comprehensive and Convenient Source for All Musicians,http://ecx.images-amazon.com/images/I/51auqFIKTwL._SL75_.jpg,10,0,063404771x,musictheory,23
,069111966x,http://www.amazon.com/How-Solve-It-Mathematical-Princeton/dp/069111966X%3FSubscriptionId%3DAKIAILOJ2MMXGMT5EG6A%26tag%3Dmotivblog07-20%26linkCode%3Dxm2%26camp%3D2025%26creative%3D165953%26creativeASIN%3D069111966X,http://ecx.images-amazon.com/images/I/41L1hGz69ZL._SL160_.jpg,1098,How to Solve It: A New Aspect of Mathematical Method (Princeton Science Library),http://ecx.images-amazon.com/images/I/41L1hGz69ZL._SL75_.jpg,4,0,069111966x,learnmath,7
,069111966x,http://www.amazon.com/How-Solve-It-Mathematical-Princeton/dp/069111966X%3FSubscriptionId%3DAKIAILOJ2MMXGMT5EG6A%26tag%3Dmotivblog07-20%26linkCode%3Dxm2%26camp%3D2025%26creative%3D165953%26creativeASIN%3D069111966X,http://ecx.images-amazon.com/images/I/41L1hGz69ZL._SL160_.jpg,1098,How to Solve It: A New Aspect of Mathematical Method (Princeton Science Library),http://ecx.images-amazon.com/images/I/41L1hGz69ZL._SL75_.jpg,4,0,069111966x,learnprogramming,7
,069114589x,http://www.amazon.com/Democracy-Incorporated-Managed-Inverted-Totalitarianism/dp/069114589X%3FSubscriptionId%3DAKIAILOJ2MMXGMT5EG6A%26tag%3Dmotivblog07-20%26linkCode%3Dxm2%26camp%3D2025%26creative%3D165953%26creativeASIN%3D069114589X,http://ecx.images-amazon.com/images/I/51uPAiyk6OL._SL160_.jpg,1236,Democracy Incorporated: Managed Democracy and the Specter of Inverted Totalitarianism,http://ecx.images-amazon.com/images/I/51uPAiyk6OL._SL75_.jpg,36,1,069114589x,canada,74
,069114589x,http://www.amazon.com/Democracy-Incorporated-Managed-Inverted-Totalitarianism/dp/069114589X%3FSubscriptionId%3DAKIAILOJ2MMXGMT5EG6A%26tag%3Dmotivblog07-20%26linkCode%3Dxm2%26camp%3D2025%26creative%3D165953%26creativeASIN%3D069114589X,http://ecx.images-amazon.com/images/I/51uPAiyk6OL._SL160_.jpg,1236,Democracy Incorporated: Managed Democracy and the Specter of Inverted Totalitarianism,http://ecx.images-amazon.com/images/I/51uPAiyk6OL._SL75_.jpg,4,0,069114589x,CanadaPolitics,8
,069114589x,http://www.amazon.com/Democracy-Incorporated-Managed-Inverted-Totalitarianism/dp/069114589X%3FSubscriptionId%3DAKIAILOJ2MMXGMT5EG6A%26tag%3Dmotivblog07-20%26linkCode%3Dxm2%26camp%3D2025%26creative%3D165953%26creativeASIN%3D069114589X,http://ecx.images-amazon.com/images/I/51uPAiyk6OL._SL160_.jpg,1236,Democracy Incorporated: Managed Democracy and the Specter of Inverted Totalitarianism,http://ecx.images-amazon.com/images/I/51uPAiyk6OL._SL75_.jpg,5,0,069114589x,politics,9
,069114589x,http://www.amazon.com/Democracy-Incorporated-Managed-Inverted-Totalitarianism/dp/069114589X%3FSubscriptionId%3DAKIAILOJ2MMXGMT5EG6A%26tag%3Dmotivblog07-20%26linkCode%3Dxm2%26camp%3D2025%26creative%3D165953%26creativeASIN%3D069114589X,http://ecx.images-amazon.com/images/I/51uPAiyk6OL._SL160_.jpg,1236,Democracy Incorporated: Managed Democracy and the Specter of Inverted Totalitarianism,http://ecx.images-amazon.com/images/I/51uPAiyk6OL._SL75_.jpg,4,0,069114589x,socialism,4
,069114589x,http://www.amazon.com/Democracy-Incorporated-Managed-Inverted-Totalitarianism/dp/069114589X%3FSubscriptionId%3DAKIAILOJ2MMXGMT5EG6A%26tag%3Dmotivblog07-20%26linkCode%3Dxm2%26camp%3D2025%26creative%3D165953%26creativeASIN%3D069114589X,http://ecx.images-amazon.com/images/I/51uPAiyk6OL._SL160_.jpg,1236,Democracy Incorporated: Managed Democracy and the Specter of Inverted Totalitarianism,http://ecx.images-amazon.com/images/I/51uPAiyk6OL._SL75_.jpg,20,0,069114589x,worldnews,324
,076115678x,http://www.amazon.com/Curly-Girl-Handbook-Michele-Bender/dp/076115678X%3FSubscriptionId%3DAKIAILOJ2MMXGMT5EG6A%26tag%3Dmotivblog07-20%26linkCode%3Dxm2%26camp%3D2025%26creative%3D165953%26creativeASIN%3D076115678X,http://ecx.images-amazon.com/images/I/51GRZvUlT4L._SL160_.jpg,777,Curly Girl: The Handbook,http://ecx.images-amazon.com/images/I/51GRZvUlT4L._SL75_.jpg,8,0,076115678x,curlyhair,27
,076533206x,http://www.amazon.com/Dangerous-Women-George-R-Martin/dp/076533206X%3FSubscriptionId%3DAKIAILOJ2MMXGMT5EG6A%26tag%3Dmotivblog07-20%26linkCode%3Dxm2%26camp%3D2025%26creative%3D165953%26creativeASIN%3D076533206X,http://ecx.images-amazon.com/images/I/512qDfI-RJL._SL160_.jpg,1156,Dangerous Women,http://ecx.images-amazon.com/images/I/512qDfI-RJL._SL75_.jpg,4,3,076533206x,asoiaf,1421
,076790818x,http://www.amazon.com/A-Short-History-Nearly-Everything/dp/076790818X%3FSubscriptionId%3DAKIAILOJ2MMXGMT5EG6A%26tag%3Dmotivblog07-20%26linkCode%3Dxm2%26camp%3D2025%26creative%3D165953%26creativeASIN%3D076790818X,http://ecx.images-amazon.com/images/I/41Z3XNXTcHL._SL160_.jpg,795,A Short History of Nearly Everything,http://ecx.images-amazon.com/images/I/41Z3XNXTcHL._SL75_.jpg,6,0,076790818x,todayilearned,75
,078512179x,http://www.amazon.com/Civil-War-Mark-Millar/dp/078512179X%3FSubscriptionId%3DAKIAILOJ2MMXGMT5EG6A%26tag%3Dmotivblog07-20%26linkCode%3Dxm2%26camp%3D2025%26creative%3D165953%26creativeASIN%3D078512179X,http://ecx.images-amazon.com/images/I/51ATs-DRbeL._SL160_.jpg,1408,Civil War,http://ecx.images-amazon.com/images/I/51ATs-DRbeL._SL75_.jpg,7,0,078512179x,Marvel,11
,078514286x,http://www.amazon.com/Marvels-Kurt-Busiek/dp/078514286X%3FSubscriptionId%3DAKIAILOJ2MMXGMT5EG6A%26tag%3Dmotivblog07-20%26linkCode%3Dxm2%26camp%3D2025%26creative%3D165953%26creativeASIN%3D078514286X,http://ecx.images-amazon.com/images/I/41CMcJynjdL._SL160_.jpg,1748,Marvels,http://ecx.images-amazon.com/images/I/41CMcJynjdL._SL75_.jpg,4,0,078514286x,Marvel,5
,078519021x,http://www.amazon.com/Ms-Marvel-Volume-Normal-Graphic/dp/078519021X%3FSubscriptionId%3DAKIAILOJ2MMXGMT5EG6A%26tag%3Dmotivblog07-20%26linkCode%3Dxm2%26camp%3D2025%26creative%3D165953%26creativeASIN%3D078519021X,http://ecx.images-amazon.com/images/I/51LGrM5dxoL._SL160_.jpg,843,Ms. Marvel Volume 1: No Normal (Ms. Marvel Graphic Novels),http://ecx.images-amazon.com/images/I/51LGrM5dxoL._SL75_.jpg,5,0,078519021x,Marvel,16
,078519035x,http://www.amazon.com/Spider-Verse-Dan-Slott/dp/078519035X%3FSubscriptionId%3DAKIAILOJ2MMXGMT5EG6A%26tag%3Dmotivblog07-20%26linkCode%3Dxm2%26camp%3D2025%26creative%3D165953%26creativeASIN%3D078519035X,http://ecx.images-amazon.com/images/I/519J1iU-HWL._SL160_.jpg,3900,Spider-Verse,http://ecx.images-amazon.com/images/I/519J1iU-HWL._SL75_.jpg,7,0,078519035x,comicbooks,17
,078519035x,http://www.amazon.com/Spider-Verse-Dan-Slott/dp/078519035X%3FSubscriptionId%3DAKIAILOJ2MMXGMT5EG6A%26tag%3Dmotivblog07-20%26linkCode%3Dxm2%26camp%3D2025%26creative%3D165953%26creativeASIN%3D078519035X,http://ecx.images-amazon.com/images/I/519J1iU-HWL._SL160_.jpg,3900,Spider-Verse,http://ecx.images-amazon.com/images/I/519J1iU-HWL._SL75_.jpg,9,0,078519035x,Marvel,30
,078519276x,http://www.amazon.com/Deadpool-Cable-Omnibus-Fabian-Nicieza/dp/078519276X%3FSubscriptionId%3DAKIAILOJ2MMXGMT5EG6A%26tag%3Dmotivblog07-20%26linkCode%3Dxm2%26camp%3D2025%26creative%3D165953%26creativeASIN%3D078519276X,http://ecx.images-amazon.com/images/I/51ZJGyXRCzL._SL160_.jpg,6589,Deadpool & Cable Omnibus,http://ecx.images-amazon.com/images/I/51ZJGyXRCzL._SL75_.jpg,5,0,078519276x,deadpool,10
,080101526x,http://www.amazon.com/Imagine-Heaven-Near-Death-Experiences-Exhilarating/dp/080101526X%3FSubscriptionId%3DAKIAILOJ2MMXGMT5EG6A%26tag%3Dmotivblog07-20%26linkCode%3Dxm2%26camp%3D2025%26creative%3D165953%26creativeASIN%3D080101526X,http://ecx.images-amazon.com/images/I/51b2u29R0uL._SL160_.jpg,819,"Imagine Heaven: Near-Death Experiences, God's Promises, and the Exhilarating Future That Awaits You",http://ecx.images-amazon.com/images/I/51b2u29R0uL._SL75_.jpg,8,0,080101526x,Christianity,18
,080241270x,http://www.amazon.com/The-Love-Languages-Secret-Lasts/dp/080241270X%3FSubscriptionId%3DAKIAILOJ2MMXGMT5EG6A%26tag%3Dmotivblog07-20%26linkCode%3Dxm2%26camp%3D2025%26creative%3D165953%26creativeASIN%3D080241270X,http://ecx.images-amazon.com/images/I/51rV-3xwEJL._SL160_.jpg,669,The 5 Love Languages: The Secret to Love that Lasts,http://ecx.images-amazon.com/images/I/51rV-3xwEJL._SL75_.jpg,4,0,080241270x,DeadBedrooms,15
,080283972x,http://www.amazon.com/The-Early-History-God-Biblical/dp/080283972X%3FSubscriptionId%3DAKIAILOJ2MMXGMT5EG6A%26tag%3Dmotivblog07-20%26linkCode%3Dxm2%26camp%3D2025%26creative%3D165953%26creativeASIN%3D080283972X,http://ecx.images-amazon.com/images/I/41T5-BpceNL._SL160_.jpg,1875,The Early History of God: Yahweh and the Other Deities in Ancient Israel (The Biblical Resource Series),http://ecx.images-amazon.com/images/I/41T5-BpceNL._SL75_.jpg,5,0,080283972x,AcademicBiblical,53
,080283972x,http://www.amazon.com/The-Early-History-God-Biblical/dp/080283972X%3FSubscriptionId%3DAKIAILOJ2MMXGMT5EG6A%26tag%3Dmotivblog07-20%26linkCode%3Dxm2%26camp%3D2025%26creative%3D165953%26creativeASIN%3D080283972X,http://ecx.images-amazon.com/images/I/41T5-BpceNL._SL160_.jpg,1875,The Early History of God: Yahweh and the Other Deities in Ancient Israel (The Biblical Resource Series),http://ecx.images-amazon.com/images/I/41T5-BpceNL._SL75_.jpg,6,0,080283972x,atheism,11
,080283972x,http://www.amazon.com/The-Early-History-God-Biblical/dp/080283972X%3FSubscriptionId%3DAKIAILOJ2MMXGMT5EG6A%26tag%3Dmotivblog07-20%26linkCode%3Dxm2%26camp%3D2025%26creative%3D165953%26creativeASIN%3D080283972X,http://ecx.images-amazon.com/images/I/41T5-BpceNL._SL160_.jpg,1875,The Early History of God: Yahweh and the Other Deities in Ancient Israel (The Biblical Resource Series),http://ecx.images-amazon.com/images/I/41T5-BpceNL._SL75_.jpg,7,0,080283972x,DebateAnAtheist,52
,080283972x,http://www.amazon.com/The-Early-History-God-Biblical/dp/080283972X%3FSubscriptionId%3DAKIAILOJ2MMXGMT5EG6A%26tag%3Dmotivblog07-20%26linkCode%3Dxm2%26camp%3D2025%26creative%3D165953%26creativeASIN%3D080283972X,http://ecx.images-amazon.com/images/I/41T5-BpceNL._SL160_.jpg,1875,The Early History of God: Yahweh and the Other Deities in Ancient Israel (The Biblical Resource Series),http://ecx.images-amazon.com/images/I/41T5-BpceNL._SL75_.jpg,12,0,080283972x,DebateReligion,74
,080283972x,http://www.amazon.com/The-Early-History-God-Biblical/dp/080283972X%3FSubscriptionId%3DAKIAILOJ2MMXGMT5EG6A%26tag%3Dmotivblog07-20%26linkCode%3Dxm2%26camp%3D2025%26creative%3D165953%26creativeASIN%3D080283972X,http://ecx.images-amazon.com/images/I/41T5-BpceNL._SL160_.jpg,1875,The Early History of God: Yahweh and the Other Deities in Ancient Israel (The Biblical Resource Series),http://ecx.images-amazon.com/images/I/41T5-BpceNL._SL75_.jpg,32,0,080283972x,exjw,64
,080701429x,http://www.amazon.com/Mans-Search-Meaning-Viktor-Frankl/dp/080701429X%3FSubscriptionId%3DAKIAILOJ2MMXGMT5EG6A%26tag%3Dmotivblog07-20%26linkCode%3Dxm2%26camp%3D2025%26creative%3D165953%26creativeASIN%3D080701429X,http://ecx.images-amazon.com/images/I/41C2r7-HbkL._SL160_.jpg,419,Man's Search for Meaning,http://ecx.images-amazon.com/images/I/41C2r7-HbkL._SL75_.jpg,6,0,080701429x,stopdrinking,18
,081298160x,http://www.amazon.com/The-Power-Habit-What-Business/dp/081298160X%3FSubscriptionId%3DAKIAILOJ2MMXGMT5EG6A%26tag%3Dmotivblog07-20%26linkCode%3Dxm2%26camp%3D2025%26creative%3D165953%26creativeASIN%3D081298160X,http://ecx.images-amazon.com/images/I/51Ml%2BjD9l3L._SL160_.jpg,774,The Power of Habit: Why We Do What We Do in Life and Business,http://ecx.images-amazon.com/images/I/51Ml%2BjD9l3L._SL75_.jpg,4,0,081298160x,Fitness,18
,081298160x,http://www.amazon.com/The-Power-Habit-What-Business/dp/081298160X%3FSubscriptionId%3DAKIAILOJ2MMXGMT5EG6A%26tag%3Dmotivblog07-20%26linkCode%3Dxm2%26camp%3D2025%26creative%3D165953%26creativeASIN%3D081298160X,http://ecx.images-amazon.com/images/I/51Ml%2BjD9l3L._SL160_.jpg,774,The Power of Habit: Why We Do What We Do in Life and Business,http://ecx.images-amazon.com/images/I/51Ml%2BjD9l3L._SL75_.jpg,10,0,081298160x,getdisciplined,36
,081298160x,http://www.amazon.com/The-Power-Habit-What-Business/dp/081298160X%3FSubscriptionId%3DAKIAILOJ2MMXGMT5EG6A%26tag%3Dmotivblog07-20%26linkCode%3Dxm2%26camp%3D2025%26creative%3D165953%26creativeASIN%3D081298160X,http://ecx.images-amazon.com/images/I/51Ml%2BjD9l3L._SL160_.jpg,774,The Power of Habit: Why We Do What We Do in Life and Business,http://ecx.images-amazon.com/images/I/51Ml%2BjD9l3L._SL75_.jpg,4,0,081298160x,NoFap,4
,081299406x,http://www.amazon.com/Complete-Guide-Hunting-Butchering-Cooking/dp/081299406X%3FSubscriptionId%3DAKIAILOJ2MMXGMT5EG6A%26tag%3Dmotivblog07-20%26linkCode%3Dxm2%26camp%3D2025%26creative%3D165953%26creativeASIN%3D081299406X,http://ecx.images-amazon.com/images/I/61ZdF0k1KXL._SL160_.jpg,1267,"The Complete Guide to Hunting, Butchering, and Cooking Wild Game: Volume 1: Big Game",http://ecx.images-amazon.com/images/I/61ZdF0k1KXL._SL75_.jpg,6,0,081299406x,Hunting,18
,083112900x,http://www.amazon.com/Machinerys-Handbook-29th-Erik-Oberg/dp/083112900X%3FSubscriptionId%3DAKIAILOJ2MMXGMT5EG6A%26tag%3Dmotivblog07-20%26linkCode%3Dxm2%26camp%3D2025%26creative%3D165953%26creativeASIN%3D083112900X,http://ecx.images-amazon.com/images/I/51yvvNg7FOL._SL160_.jpg,6569,"Machinery's Handbook, 29th",http://ecx.images-amazon.com/images/I/51yvvNg7FOL._SL75_.jpg,4,0,083112900x,engineering,29
,083112900x,http://www.amazon.com/Machinerys-Handbook-29th-Erik-Oberg/dp/083112900X%3FSubscriptionId%3DAKIAILOJ2MMXGMT5EG6A%26tag%3Dmotivblog07-20%26linkCode%3Dxm2%26camp%3D2025%26creative%3D165953%26creativeASIN%3D083112900X,http://ecx.images-amazon.com/images/I/51yvvNg7FOL._SL160_.jpg,6569,"Machinery's Handbook, 29th",http://ecx.images-amazon.com/images/I/51yvvNg7FOL._SL75_.jpg,5,0,083112900x,Machinists,7
,086547897x,http://www.amazon.com/The-Animators-Survival-Kit-Principles/dp/086547897X%3FSubscriptionId%3DAKIAILOJ2MMXGMT5EG6A%26tag%3Dmotivblog07-20%26linkCode%3Dxm2%26camp%3D2025%26creative%3D165953%26creativeASIN%3D086547897X,http://ecx.images-amazon.com/images/I/513WsqEOM-L._SL160_.jpg,1673,"The Animator's Survival Kit: A Manual of Methods, Principles and Formulas for Classical, Computer, Games, Stop Motion and Internet Animators",http://ecx.images-amazon.com/images/I/513WsqEOM-L._SL75_.jpg,5,0,086547897x,animation,11
,086571701x,http://www.amazon.com/Aquaponic-Gardening-Step-By-Step-Vegetables-Together/dp/086571701X%3FSubscriptionId%3DAKIAILOJ2MMXGMT5EG6A%26tag%3Dmotivblog07-20%26linkCode%3Dxm2%26camp%3D2025%26creative%3D165953%26creativeASIN%3D086571701X,http://ecx.images-amazon.com/images/I/61XRwb7yYuL._SL160_.jpg,1638,Aquaponic Gardening: A Step-By-Step Guide to Raising Vegetables and Fish Together,http://ecx.images-amazon.com/images/I/61XRwb7yYuL._SL75_.jpg,4,0,086571701x,aquaponics,9
,086571701x,http://www.amazon.com/Aquaponic-Gardening-Step-By-Step-Vegetables-Together/dp/086571701X%3FSubscriptionId%3DAKIAILOJ2MMXGMT5EG6A%26tag%3Dmotivblog07-20%26linkCode%3Dxm2%26camp%3D2025%26creative%3D165953%26creativeASIN%3D086571701X,http://ecx.images-amazon.com/images/I/61XRwb7yYuL._SL160_.jpg,1638,Aquaponic Gardening: A Step-By-Step Guide to Raising Vegetables and Fish Together,http://ecx.images-amazon.com/images/I/61XRwb7yYuL._SL75_.jpg,4,0,086571701x,Futurology,5
,088062096x,http://www.amazon.com/Spencerian-Penmanship-Theory-Book-copybooks/dp/088062096X%3FSubscriptionId%3DAKIAILOJ2MMXGMT5EG6A%26tag%3Dmotivblog07-20%26linkCode%3Dxm2%26camp%3D2025%26creative%3D165953%26creativeASIN%3D088062096X,http://ecx.images-amazon.com/images/I/51Q0SSR5udL._SL160_.jpg,1919,Spencerian Penmanship (Theory Book plus five copybooks),http://ecx.images-amazon.com/images/I/51Q0SSR5udL._SL75_.jpg,7,0,088062096x,fountainpens,18
,088062096x,http://www.amazon.com/Spencerian-Penmanship-Theory-Book-copybooks/dp/088062096X%3FSubscriptionId%3DAKIAILOJ2MMXGMT5EG6A%26tag%3Dmotivblog07-20%26linkCode%3Dxm2%26camp%3D2025%26creative%3D165953%26creativeASIN%3D088062096X,http://ecx.images-amazon.com/images/I/51Q0SSR5udL._SL160_.jpg,1919,Spencerian Penmanship (Theory Book plus five copybooks),http://ecx.images-amazon.com/images/I/51Q0SSR5udL._SL75_.jpg,6,0,088062096x,Handwriting,9
,089898890x,http://www.amazon.com/The-Art-Bop-Drumming-Publications/dp/089898890X%3FSubscriptionId%3DAKIAILOJ2MMXGMT5EG6A%26tag%3Dmotivblog07-20%26linkCode%3Dxm2%26camp%3D2025%26creative%3D165953%26creativeASIN%3D089898890X,http://ecx.images-amazon.com/images/I/51LsR39McbL._SL160_.jpg,1310,The Art of Bop Drumming: Book & CD (Manhattan Music Publications),http://ecx.images-amazon.com/images/I/51LsR39McbL._SL75_.jpg,5,0,089898890x,drums,22
